"country","category","measure","comments","date_implemented","source"
"United States of America","Movement restrictions","Visa restrictions","Non-residents and non-citizens of the US who have travelled in the last 14 days to: China, Iran, Austria, Belgium, Czechia, Denmark, Estonia, Finland, France, Germany, Greece, Hungary, Iceland, Italy, Latvia, Liechtenstein, Lithuania, Luxembourg, Malta, Netherlands, Norway, Poland, Portugal, Slovakia, Slovenia, Spain, Sweden or in Switzerland, and the UK",2020-03-14,"US Government "
"United States of America","Public health measures","Health screenings in airports and border crossings","Screenings are being undertaken at selected airports ",2020-03-14,"US Government "
"United States of America","Governance and socio-economic measures","State of emergency declared","declaration of national emergency",2020-03-13,"US State Department"
"United States of America","Governance and socio-economic measures","Economic measures","Plans to support small business and ensure workers can take time off",2020-03-15,""
"United States of America","Public health measures","General recommendations","recommendation by president to avoid public gatherings to 10 persons etc.",2020-03-16,"White House"
"United States of America","Governance and socio-economic measures","State of emergency declared","declaration of public health emergency",2020-01-31,"US State Deparment"
"United States of America","Public health measures","Strengthening the public health system","Interim Guidance for Healthcare Facilities: Preparing for Community Transmission of COVID-19 in the United States",2020-03-02,"CDC"
"United States of America","Governance and socio-economic measures","Economic measures","release of $62 million from the Emergency Reserve Fund for Contagious Infectious-Disease Outbreaks (ERF) at the U.S. Agency for International Development (USAID) to address the pandemic of COVID-19, the disease caused by the novel coronavirus now called SARS-CoV-2. This funding fulfills the pledge of up to $100 million for international efforts to combat COVID-19 announced by the U.S. Department of State on February 7, 2020",2020-03-18,"USAID"
"United States of America","Governance and socio-economic measures","Emergency administrative structures activated or established","CDC activated its Emergency Operations Center to better provide ongoing support to the COVID-19 response.",2020-01-21,"CDC"
"United States of America","Public health measures","Awareness campaigns","CDC issues criteria to Guide Evaluation and Testing of Patients Under Investigation (PUI) for COVID-19",2020-02-28,"CDC"
"United States of America","Public health measures","General recommendations","Warning - Level 3, Avoid Nonessential Travel—Widespread Ongoing Transmission",2020-03-17,"CDC"
"United States of America","Public health measures","Testing policy","Clinicians should use their judgment to determine if a patient has signs and symptoms compatible with COVID-19 and whether the patient should be tested. ",2020-03-08,"CDC"
"United States of America","Public health measures","Strengthening the public health system","CDC Grows SARS-CoV-2, the virus that causes COVID-19, in Cell Culture; Virus isolates will be used for research by the scientific and medical community",2020-01-22,"CDC"
"United States of America","Public health measures","Strengthening the public health system","CDC has developed a new laboratory test kit for use in testing patient specimens for severe acute respiratory syndrome coronavirus 2 (SARS-CoV-2), the virus that causes COVID-19. ",2020-02-04,"CDC"
"United States of America","Public health measures","Awareness campaigns","Interim Guidance on Breastfeeding for a Mother Confirmed or Under Investigation For COVID-19",NA,"CDC"
"United States of America","Public health measures","Strengthening the public health system","Steps Healthcare Facilities Can Take Now to Prepare for Coronavirus Disease 2019 (COVID-19)",2020-03-06,"CDC"
"United States of America","Public health measures","Strengthening the public health system"," 17.8 tons of personal protection equipment and medical supplies were delivered,",2020-02-15,"Dept. of State"
"United States of America","Governance and socio-economic measures","Emergency administrative structures activated or established","Pence Announces Ambassador Debbie Birx to Serve as the White House Coronavirus Response Coordinator",2020-02-27,"White House"
"United States of America","Governance and socio-economic measures","Economic measures","commitment of $37 million in financing from the Emergency Reserve Fund for Contagious Infectious Diseases at the U.S. Agency for International Development (USAID) for 25 countries affected by novel coronavirus COVID-19 or at high risk of its spread.",2020-03-02,"USAID"
"United States of America","Social distancing","Limit public gatherings"," United States has decided to host the upcoming G7 ministerial virtually by video teleconference instead of gathering in Pittsburgh, March 24-25",2020-03-11,"Dept. of State"
"United States of America","Movement restrictions","Visa restrictions","(Suspension of Entry as Immigrants and Nonimmigrants of Persons Who Pose a Risk of Transmitting 2019 Novel Coronavirus and Other Appropriate Measures To Address This Risk. The restriction applies to foreign nationals who have been in the Schengen Area, 26 countries in Europe with open borders agreements, in the last 14 days.
Those who are exempt from these restrictions, such as American citizens, will be directed to a limited number of airports where screening can take place.
There is extensive travel back and forth between Europe that heightens the risk here in the United States",2020-01-31,"White House"
"United States of America","Governance and socio-economic measures","Economic measures","The President is announcing an economic assistance package to help support businesses and workers who have been harmed by this outbreak.
President Trump has instructed the Small Business Administration (SBA) to exercise available authority to provide loans to businesses affected by the coronavirus.
These loans will help overcome disruptions caused by the coronavirus.
The President is calling on Congress to increase funding for this program by an additional $50 billion.
The President will be instructing the Department of the Treasury to defer tax payments for certain individuals and businesses negatively impacted by the coronavirus.
This action will provide more than $200 billion of additional liquidity to the economy.
President Trump is calling on Congress to immediately pass payroll tax relief.
The President announced that he will soon be taking emergency action to provide financial relief for workers who are ill, quarantined, or caring for others due to the coronavirus.
The President also called on Congress to take action to extend this relief for workers.",2020-03-11,"White House"
"United States of America","Social distancing","Schools closure ","The Bureau of Educational and Cultural Affairs (ECA) will temporarily pause all ECA-funded programs that involve travel to and from countries with heightened U.S. Centers for Disease Control and Prevention (CDC) Alert Level 2 (Practice Enhanced Precautions) and Warning Level 3 (Avoid Nonessential Travel) or heightened State Department COVID-19 related Travel Advisory Levels 3 (Reconsider Travel) and 4 (Do Not Travel).",2020-03-13,"Dept. of State"
"United States of America","Governance and socio-economic measures","State of emergency declared","national emergency declared ",2020-03-01,"White House"
"United States of America","Public health measures","Strengthening the public health system","pursuant to section 319 of the Public Health Service Act (42 U.S.C. 247d).  Our response must include heightened coordination among Federal, State, local, and tribal agencies, and we must offer States the flexibility they need to care for their citizens.  In accordance with this principle, the Food and Drug Administration, in coordination with the State of New York, allowed the State flexibility in expediting State-approved COVID-19 testing.

Should additional States request flexibility to authorize laboratories within the State to develop and perform tests used to detect COVID-19, the Secretary shall take appropriate action, consistent with law, to facilitate the request.",2020-03-13,"White House"
"United States of America","Public health measures","Strengthening the public health system","Trump Has Mobilized the Full Resources of the Federal Government to Respond to the Coronavirus",2020-03-13,"White House"
"United States of America","Governance and socio-economic measures","Emergency administrative structures activated or established","pandemic is of sufficient severity and magnitude to warrant an emergency determination under section 501(b) of the Robert T. Stafford Disaster Relief and Emergency Assistance Act, 42 U.S.C. 5121-5207 (the “Stafford Act”).",2020-03-13,"White House"
"United States of America","Movement restrictions","Visa restrictions","extensions on suspension of entry and scope/limitations of entry (expanded to include UK and Ireland) with many exceptions ",2020-03-14,"White House"
"United States of America","Governance and socio-economic measures","Emergency administrative structures activated or established","National Day of Prayer for All Americans Affected by the Coronavirus Pandemic and for our National Response Efforts.  I urge Americans of all faiths and religious traditions and backgrounds to offer prayers for all those affected, including people who have suffered harm or lost loved ones.",2020-03-15,"White House"
"United States of America","Public health measures","Strengthening the public health system","Call to action for techn community; National Institutes of Health released the COVID-19 Open Research Dataset (CORD-19) of scholarly literature about COVID-19, SARS-CoV-2, and the Coronavirus group.",2020-03-16,"White House"
"United States of America","Public health measures","Awareness campaigns"," 15 Days to Slow the Spread new guidelines to help protect Americans during the global Coronavirus outbreak.",2020-03-16,"White House"
"United States of America","Public health measures","Awareness campaigns","warning consumers against becoming victims of health fraud and taking action to stop health scam",2020-03-17,"White House "
"United States of America","Public health measures","Strengthening the public health system","FDA empowers states to expedite tests ",2020-03-17,"White House "
"United States of America","Public health measures","Strengthening the public health system","Executive Order on Prioritizing and Allocating Health and Medical Resources to Respond to the Spread of Covid-19",2020-03-18,"White House "
"United States of America","Governance and socio-economic measures","Economic measures","Department of Housing and Urban Development is providing immediate relief to renters and homeowners by suspending all foreclosures and evictions until the end of April.  Health & Human Services will also suspend foreclosures and evictions",2020-03-18,"White House "
"United States of America","Public health measures","Awareness campaigns","Partnership with Ad Council, Major Media Networks, and Digital Platforms for COVID-19 Messages",2020-03-18,"White House"
"United States of America","Public health measures","Strengthening the public health system","The Defense Department will massively expand medical resources, making 5 million respirator masks and 2,000 ventilators available for use
FEMA is now activated in every region of the country and at the highest level
Navy hospital ships are being deployed to impacted areas",2020-03-18,"White House"
"United States of America","Movement restrictions","Border closure ","The United States has reached mutual agreements with Canada and Mexico to restrict non-essential travel across our northern and southern borders.
The United States will expeditiously return aliens who cross between ports of entry or are otherwise not allowed to enter the country, as the facilities in which these aliens would normally be held cannot support quarantine for the time needed to assess potential cases.
These aliens are processed in stations designed for short-term processing, where distancing is not a viable option, creating a serious danger of an outbreak.",2020-03-20,"White House"
"United States of America","Governance and socio-economic measures","Economic measures","Tax Day will be moved from April 15 to July 15. No interest or penalties will be charged for filing during this extended window, but any American expecting refunds or credits may claim now to get their money sooner.
To minimize impact on our nation’s students, the Department of Education is temporarily waiving all interest on federally held student loans. Secretary Betsy DeVos has also directed federal lenders to allow borrowers to suspend their student loan payments without penalty for at least the next 60 days.",2020-03-20,"White House"
"United States of America","Governance and socio-economic measures","State of emergency declared","Trump Approves New York Disaster Declaration",2020-03-20,"White House"
"United States of America","Governance and socio-economic measures","State of emergency declared","Trump Approves Washington Disaster Declaration",2020-03-22,"White House"
"United States of America","Governance and socio-economic measures","Military deployment","Memorandum on Providing Federal Support for Governors’ Use of the National Guard to Respond to COVID-19",2020-03-22,"White House"
"United States of America","Public health measures","Strengthening the public health system","The White House announced the launch of the COVID-19 High Performance Computing Consortium to provide COVID-19 researchers worldwide with access to the world’s most powerful high performance computing resources that can significantly advance the pace of scientific discovery in the fight to stop the virus.",2020-03-23,"White House"
"United States of America","Public health measures","Strengthening the public health system","Executive Order on Preventing Hoarding of Health and Medical Resources to Respond to the Spread of COVID-19 "" The Secretary shall adopt and revise appropriate rules and regulations as may be necessary to implement this order.

""",2020-03-23,"White House"
"United States of America","Governance and socio-economic measures","State of emergency declared"," Trump Approves Iowa Disaster Declaration",2020-03-24,"White House"
"United States of America","Governance and socio-economic measures","State of emergency declared","Trump Approves Louisiana Disaster Declaration",2020-03-24,"White House"
"United States of America","Governance and socio-economic measures","State of emergency declared"," Trump Approves Texas Disaster Declaration",2020-03-25,"White House"
"United States of America","Governance and socio-economic measures","State of emergency declared","Trump Approves Florida Disaster Declaration",2020-03-25,"White House"
"United States of America","Public health measures","Strengthening the public health system","$16 billion in funding for the purchase of personal protective equipment — you know about that — such as masks and respirators through the Strategic National Stockpile.",2020-03-25,"White House"
"United States of America","Governance and socio-economic measures","Economic measures","FSA Makes Changes to Farm Loan, Disaster, Conservation and Safety Net Programs to Make it Easier for Customers to Conduct Business",2020-03-26,"USDA"
"United States of America","Governance and socio-economic measures","Economic measures",": USDA Announces Loan Maturity for Marketing Assistance Loans Now Extended to 12 Months",2020-04-09,"USDA"
"United States of America","Public health measures","Awareness campaigns","White House, CDC and Health and Human Services launched https://www.coronavirus.gov/.",NA,""
"United States of America","Governance and socio-economic measures","Economic measures","CARES act: assistance for workers and families; assistance for small businesses; preservation of jobs; assistance for state governments ",2020-03-27,"US Dept of Treasury"
"United States of America","Public health measures","Strengthening the public health system","NIH to launch public-private partnership (the Accelerating COVID-19 Therapeutic Interventions and Vaccines (ACTIV) partnership, ) to speed COVID-19 vaccine and treatment options",2020-04-17,"HHS"
"United States of America","Public health measures","Awareness campaigns","guidelines published for when to seek emergency healthcare ",2020-04-17,""
